time,Interest Rate,Real Wages,Adjusted Reserves,PPIC,GDP,private_consumption,government_expenditure,government_revenue,private_non_residential_investment,gdp_deflator,Population,real_GDP,real_private_consumption,real_government_expenditure,real_government_revenue,real_private_non_residential_investment
1954Q3,1.03,3.7572854867779966,2.1030359905334652,3.4468078929142076,12.876452608736146,12.389655906041138,11.420239838011996,11.018153620276298,10.568209538078998,2.6081561982815664,5.092098530802047,5.176197879652532,4.689401176957524,3.7199851089283826,3.3178988911926837,2.8679548089953837
1954Q4,0.99,3.770182905177971,2.1236976329343733,3.4372078191851885,12.898554604879543,12.409393009336844,11.422519241094212,11.044216996641383,10.568492427149794,2.6108782893499365,5.096959768555684,5.190716546973923,4.701554951431223,3.7146811831885924,3.336378938735762,2.8606543692441724
1955Q1,1.34,3.7757220668636826,2.1209433051048485,3.4307561839036995,12.931379611771709,12.434792619657156,11.428118928260151,11.10911398885872,10.583549493547418,2.615569348308045,5.101109557257547,5.214700706206116,4.718113714091565,3.7114400226945596,3.3924350832931283,2.8668705879818264
1955Q2,1.5,3.785416154161966,2.123219164025724,3.4210000089583352,12.951650972878026,12.454751381200717,11.435320616634712,11.14988746250196,10.646923773389242,2.6196560503396147,5.105120891601779,5.226874030936632,4.729974439259324,3.7105436746933194,3.425110520560566,2.9221468314478476
1955Q3,1.94,3.8022527812816196,2.1186622548331173,3.4111477125153233,12.972054309129259,12.470937626751333,11.452102698524444,11.17910171800194,10.710543607203856,2.626623202406481,5.109647703093903,5.235783403628875,4.734666721250949,3.715831793024059,3.442830812501555,2.9742727017034722
1955Q4,2.36,3.808261211134017,2.1197434009532037,3.3945083935113587,12.987898978235961,12.486121912092065,11.443907593170772,11.207812350788767,10.759709757944163,2.6364825892427897,5.114508704561069,5.236907684432103,4.735130618288207,3.6929162993669133,3.45682105698491,3.0087184641403053
1956Q1,2.48,3.8235851569662276,2.1248928045837534,3.391147045808654,12.993952566481118,12.491837882025175,11.460030889215703,11.221984755590194,10.774194972788317,2.6464584450955693,5.118646294115045,5.228847827270504,4.7267331428145605,3.6949261500050894,3.4568800163795785,3.009090233577703
1956Q2,2.69,3.836113411327796,2.131322163556825,3.417726683613366,13.008096652275507,12.501849367727425,11.49523999491418,11.238975342904563,10.800819700808985,2.6523260523298484,5.122701277769085,5.233069322176573,4.726822037628492,3.7202126648152465,3.4639480128056293,3.025792370710052
1956Q3,2.81,3.841063916487652,2.12846977274719,3.427514689979529,13.019646032158535,12.513833042564263,11.495565651573175,11.234520229298656,10.834588076063763,2.664794692431253,5.127368890394846,5.227482449332436,4.721669459738163,3.703402068747076,3.4423566464725583,3.042424493237664
1956Q4,2.93,3.8493174700120214,2.1361762546601404,3.4436180975461075,13.039987784001044,12.53337799432657,11.526285816672065,11.266743557029443,10.847607436328959,2.6688241546013733,5.132357228761281,5.238806400638389,4.732196610963916,3.725104433309411,3.4655621736667883,3.046426052966305
1957Q1,2.93,3.855262159606382,2.1346397021445984,3.4372078191851885,13.060017650335594,12.54926865541146,11.564967478997264,11.297005758745339,10.867901559592012,2.682458851435301,5.136809690267209,5.240749108633084,4.73000011370895,3.7456989372947533,3.477737217042828,3.048633017889501
1957Q2,3.0,3.8567639631101214,2.135467369942364,3.4339872044851463,13.064787229266733,12.557349043507108,11.569702695057769,11.271821588279026,10.8712315659992,2.6894108968832717,5.140897181040645,5.234479151342816,4.727040965583191,3.739394617133853,3.441513510355109,3.040923488075282
1957Q3,3.23,3.8610454506632785,2.135467369942364,3.456316680883235,13.080478318030808,12.57331654081814,11.584362014908077,11.274427130021385,10.897960801463093,2.6953701479448355,5.145387607759933,5.23972056232604,4.732558785113372,3.743604259203308,3.433669374316615,3.0572030457583232
1957Q4,3.25,3.869532953807194,2.133100785001583,3.4404180948154366,13.070783726231113,12.578904363023636,11.608799122354876,11.217641235878336,10.882076798604507,2.696045093974778,5.149915961256785,5.22482267099955,4.732943307792072,3.762838067123312,3.3716801806467727,3.0361157433729438
1958Q1,1.86,3.8577779905757503,2.1469833608994726,3.462606009790799,13.055240185548028,12.577249920469015,11.606807352523354,11.163297064299462,10.807077975832051,2.7068494805256913,5.153661468282568,5.19472923673977,4.716738971660755,3.7462964037150943,3.302786115491202,2.9465670270237916
1958Q2,0.94,3.8600136652673145,2.1757739261276585,3.4688560301359703,13.064687653311914,12.587309949674365,11.640650030560964,11.139075296231315,10.775429243836092,2.7097154804212713,5.157496613830991,5.197475559059651,4.720097855422103,3.773437936308702,3.2718632019790532,2.9082171495838294
1958Q3,1.32,3.883520644955434,2.184814557259538,3.462606009790799,13.093636688860133,12.604489640607236,11.653495776179417,11.185462522506603,10.767115631826977,2.715819938366571,5.16182731569329,5.2159894348002735,4.726842386547375,3.7758485221195572,3.3078152684467423,2.8894683777671166
1958Q4,2.16,3.8865615973902723,2.18233652039787,3.462606009790799,13.121472981119183,12.617596031822302,11.678372104539338,11.24688746057632,10.806328236685879,2.720571481655882,5.166430335505379,5.234471163957921,4.73059421466104,3.791370287378077,3.359885643415058,2.9193264195246176
1959Q1,2.57,3.8946123151683523,2.1968911884349818,3.449987545831587,13.142812854271739,12.642548575622458,11.671594493098954,11.275961855055156,10.838443009639438,2.7228731299938485,5.170739644175308,5.2492000801025815,4.748935801453301,3.777981718929798,3.3823490808859993,2.944830235470282
1959Q2,3.08,3.9013866393065872,2.203206649013767,3.449987545831587,13.166673042923334,12.661929808698368,11.682963554597332,11.33148751767839,10.873034650710714,2.724448346911846,5.174606169010946,5.267618527000541,4.762875292775575,3.78390903867454,3.4324330017555975,2.973980134787922
1959Q3,3.58,3.9020130727988276,2.2003308589552892,3.4307561839036995,13.171218301381561,12.67833933711754,11.691004702506051,11.32246689227337,10.904505387765616,2.72831024010957,5.178863560932519,5.264044500339472,4.771165536075452,3.783830901463962,3.4152930912312818,2.9973315867235266
1959Q4,3.99,3.9054413940625916,2.2040898462449463,3.417726683613366,13.177987281152326,12.684918318438324,11.6835792168965,11.319049411336588,10.904082667462314,2.7322223530731953,5.183288035963271,5.26247689211586,4.769407929401858,3.7680688278600347,3.4035390223001207,2.9885722784258473
1960Q1,3.93,3.925728652484258,2.19789102187938,3.417726683613366,13.204216138250489,12.695768601871599,11.669510322638445,11.409862308361086,10.938840501565046,2.7361840403459814,5.189166342648892,5.278865755255615,4.770418218876725,3.744159939643571,3.484511925366212,3.0134901185701732
1960Q2,3.7,3.926182287986056,2.1971134600518116,3.4242626545931514,13.20132242120313,12.713516557749754,11.681655068244716,11.387124118407616,10.954099365149055,2.738708722056003,5.19518215085041,5.267431548296718,4.779625684843341,3.747764195338303,3.4532332455012034,3.020208492242642
1960Q3,2.94,3.931492243823088,2.218007116518748,3.40452517175483,13.209648716862814,12.713269693972148,11.715204865771796,11.393251893376416,10.93604906607567,2.7421295147550726,5.200158633465395,5.267360568642347,4.770981545751679,3.7729167175513276,3.4509637451559487,2.9937609178552016
1960Q4,2.3,3.929214383240723,2.2341991801275807,3.407841924380824,13.199689166826527,12.718968125664723,11.730694599946982,11.364854598895825,10.93099760371109,2.7450890485371966,5.204111077232349,5.250489041056982,4.769767999895177,3.7814944741774377,3.4156544731262795,2.9817974779415435
1961Q1,2.0,3.936032457888498,2.24865675096849,3.414442608412176,13.20857410062292,12.720451947495462,11.745765849663302,11.35679783225875,10.9153066222346,2.747270914255491,5.207484150170748,5.253819036196681,4.765696883069223,3.7910107852370625,3.40204276783251,2.960551557808359
1961Q2,1.73,3.9503009666381237,2.253184742698919,3.3978584803966405,13.227704892881652,12.735096669331137,11.753940368103402,11.364761826987094,10.93663644805993,2.7495759479307083,5.21132598935841,5.266802955592535,4.774194732042019,3.7930384308142835,3.4038598896979746,2.9757345107708133
1961Q3,1.68,3.9538748694507064,2.263636342855471,3.407841924380824,13.249284973373198,12.743536305395663,11.774989684428718,11.404627305325059,10.945723474426929,2.752130880337385,5.215495383597843,5.28165870943797,4.775910041460435,3.8073634204934894,3.4370010413898315,2.978097210491702
1961Q4,2.4,3.959765001413567,2.2828924596483096,3.414442608412176,13.27183799863328,12.764524899679762,11.801976599828247,11.448546931034022,10.97632038821675,2.7552518025865043,5.219782687893609,5.296803508153166,4.789490409199648,3.826942109348134,3.4735124405539093,3.0012858977366372
1962Q1,2.46,3.971687166149456,2.288486168614544,3.417726683613366,13.294656483627183,12.779371534259596,11.828516921869184,11.460009802623613,10.996350009223631,2.7603896147827833,5.223340555524651,5.310926313319749,4.795641363952162,3.8447867515617493,3.476279632316179,3.012619838916197
1962Q2,2.61,3.974678504792488,2.3006832857044492,3.4011973816621555,13.30529474822391,12.795130724065555,11.838091165793664,11.473175811952919,11.024448244868,2.7620332083002648,5.226837476421015,5.3164240635026285,4.806260039344274,3.849220481072383,3.484305127231638,3.035577560146719
1962Q3,2.85,3.9788588856144007,2.308368337749773,3.4210000089583352,13.319617880684637,12.805823563577064,11.863948466732673,11.50953973986602,11.036517370851499,2.764115425035159,5.230712816610869,5.324789639038609,4.810995321931036,3.869120225086644,3.5147114982199916,3.04168912920547
1962Q4,2.92,3.985422154997914,2.324150870908606,3.427514689979529,13.324944973205643,12.822927161540587,11.874522276621732,11.512585407157124,11.031966039560452,2.766193315150921,5.234738384905166,5.324013273149557,4.8219954614845015,3.873590576565646,3.5116537071010376,3.0310343395043646
1963Q1,2.97,3.992145709901853,2.3309781674952634,3.4011973816621555,13.340167901443614,12.832767474747275,11.875650072735507,11.532924151476918,11.034454085305622,2.7705240923575642,5.238031124974549,5.3316126841115015,4.8242122574151605,3.8670948554033933,3.5243689341448037,3.025898867973508
1963Q2,2.96,3.99535261301515,2.3420942260887583,3.3945083935113587,13.353081370073252,12.843741470749439,11.87848482534249,11.559379569342113,11.0648242177762,2.7722761734014814,5.241249536840516,5.339555659831254,4.830215760507442,3.8649591151004934,3.5458538591001156,3.0512985075342027
1963Q3,3.33,3.999429304425813,2.3521368718232933,3.3978584803966405,13.376143208525018,12.862021466600428,11.917903787951069,11.59270659997508,11.09303683619634,2.7735882225728647,5.245080078565613,5.357474907386541,4.84335316546195,3.8992354868125907,3.5740382988366006,3.0743685350578622
1963Q4,3.45,4.008042024855386,2.3647144644595945,3.3945083935113587,13.390767824722174,12.874027651239297,11.92496226546142,11.60223586384929,11.12238345151992,2.7816723409728237,5.248927522606627,5.360167961142723,4.843427787659847,3.89436240188197,3.571636000269838,3.091783587940468
1964Q1,3.46,4.0007662152625345,2.3762072328646595,3.3877743613300146,13.414767284428395,12.898171777078568,11.93527391071223,11.59016424531103,11.143498125201317,2.7848260399042597,5.252032561344239,5.377908683179896,4.861313175830068,3.898415309463731,3.5533056440625312,3.1066395239528184
1964Q2,3.49,4.010238052925101,2.3843493947966854,3.3775875160230218,13.427896173427044,12.917884551319274,11.94674476657492,11.555956218385615,11.17147686677548,2.787107808338984,5.2552010754744085,5.385587289613651,4.875575667505882,3.904435882761528,3.5136473345722226,3.129167982962088
1964Q3,3.46,4.0210926338147654,2.4011626563550394,3.3877743613300146,13.447386031284282,12.939454448140935,11.957822802322108,11.602510194712316,11.203760955130969,2.791103756237496,5.25882781726156,5.3974544577852255,4.889522874641879,3.907891228823051,3.552578621213261,3.1538293816319127
1964Q4,3.58,4.023796911263136,2.4193898725361302,3.3945083935113587,13.454998260794287,12.945595172169968,11.958585170826447,11.61470557863168,11.229554088105532,2.7956336366573553,5.262368893771816,5.3969957303651155,4.887592641740796,3.9005826403972756,3.556703048202509,3.171551557676361
1965Q1,3.98,4.024887297206879,2.433262416635662,3.3945083935113587,13.48393232614137,12.970868168690725,11.964160307322581,11.663704753754304,11.292652788747702,2.8006293823953032,5.265106955290129,5.418195988455938,4.905131831005294,3.89842396963715,3.5979684160688725,3.22691645106227
1965Q2,4.08,4.025173103360802,2.4485883871138885,3.4307561839036995,13.501061422737411,12.986868916364068,11.981728373639445,11.674363810847758,11.331187737714638,2.805237406070875,5.267827230750001,5.427996785916535,4.913804279543192,3.9086637368185686,3.6012991740268827,3.258123100893761
1965Q3,4.08,4.03273508059041,2.4583059679908215,3.4468078929142076,13.526925411196938,13.00763467252712,12.024316928618633,11.653886687920869,11.370059209196285,2.809101445171938,5.271187661659246,5.446636304365755,4.927345565695936,3.9440278217874503,3.5735975810896856,3.2897701023651016
1965Q4,4.17,4.042208807801572,2.4747721353074024,3.4719664525503626,13.55655457868851,13.03840769067067,12.058842132685383,11.69902321629195,11.414706057463768,2.815947496412006,5.274429305219483,5.4661777770570215,4.948030889039181,3.9684653310538924,3.60864641466046,3.324329255832279
1966Q1,4.56,4.050166247109588,2.488400539042256,3.5085558999826545,13.587020238124726,13.060777293531347,12.084085786175702,11.770006567312135,11.455105655986136,2.8223308141345953,5.276904743904609,5.487784680085523,4.961541735492142,3.984850228136498,3.6707710092729307,3.355870097946932
1966Q2,4.91,4.057006076566733,2.503891949699081,3.4995332823830174,13.598573953637686,13.071467898614502,12.109886582251887,11.797728396671166,11.48063984834726,2.830503794186214,5.2795269268171445,5.488543232634327,4.961437177611143,3.999855861248528,3.6876976756678075,3.3706091273439003
1966Q3,5.41,4.062630271917708,2.5091926756681557,3.5085558999826545,13.61661805835214,13.090441244696034,12.151964867881944,11.823405673697987,11.496023426894872,2.840130541459418,5.282579168258457,5.493908348634266,4.96773153497816,4.029255158164069,3.700695963980113,3.3733137171769974
1966Q4,5.56,4.067812341923913,2.5082161925569575,3.4781584227982836,13.633151400463422,13.102283111570136,12.173657919016433,11.817376154997246,11.504520239826212,2.8484496214045523,5.28564237718177,5.499059401877099,4.968191112983814,4.0395659204301095,3.6832841564109238,3.3704282412398885
1967Q1,4.82,4.0786385324004835,2.5294018896745514,3.4531571205928664,13.646109175096395,13.11093229077325,12.218929639032682,11.805707012966709,11.492712553519015,2.8526121989591733,5.288100350137436,5.5053966259997855,4.970219741676641,4.078217089936072,3.664994463870099,3.352000004422405
1967Q2,3.99,4.088577967327764,2.546472005446155,3.4372078191851885,13.651794441535884,13.12925557157405,12.22494837279898,11.810077554923383,11.49574878684961,2.8576763750580225,5.29056237417497,5.503555692302892,4.981016822341059,4.076709623565988,3.661838805690391,3.347510037616618
1967Q3,3.89,4.092025207931524,2.569247798221751,3.4436180975461075,13.670754113803854,13.143570899726123,12.24711381602962,11.84058757759816,11.500701050347505,2.8672168513185636,5.293365124413968,5.510172138071323,4.9829889239935925,4.086531840297088,3.680005601865629,3.3401190746149743
1967Q4,4.17,4.0946778400122215,2.590467145448493,3.4436180975461075,13.68931107819873,13.158211100725493,12.270422086293177,11.871885795422639,11.53021513350719,2.8782991766618955,5.296175073476003,5.514836828060831,4.983736850587595,4.095947836155279,3.6974115452847407,3.3557408833692906
1968Q1,4.79,4.1113819318064015,2.6007619025384683,3.449987545831587,13.720526025131218,13.19244339107135,12.300241264911358,11.93126072949833,11.567243181179817,2.8893156448495008,5.298292366235532,5.532918014046186,5.004835379986319,4.112633253826326,3.743652718413298,3.3796351700947844
1968Q2,5.98,4.117833198291005,2.612860014098461,3.449987545831587,13.747599957753286,13.217699011430147,12.317779480634583,11.944435116926194,11.56455920140081,2.8998269166669197,5.3005748165892514,5.547198224497114,5.0172972781739755,4.11737774737841,3.7440333836700215,3.3641574681446382
1968Q3,5.95,4.120548227718737,2.6286461783149417,3.456316680883235,13.765085307769958,13.246564881661431,12.334333925474185,12.014815283078285,11.586259566334606,2.9095750771028164,5.303289982574557,5.552220248092585,5.033699821984058,4.121468865796811,3.801950223400912,3.3733945066572333
1968Q4,5.92,4.127892162375443,2.644755350729896,3.4781584227982836,13.783018357514017,13.262085318979466,12.351674026885606,12.040802877118438,11.627877831393329,2.923591595776309,5.305977949214648,5.553448812523061,5.03251577398851,4.122104481894649,3.811233332127482,3.398308286402373
1969Q1,6.57,4.129309437257958,2.654719745390559,3.481240089335692,13.808825261081832,13.28278861666152,12.361814915248873,12.109236802493342,11.661285123440093,2.9338568698359038,5.308044900306547,5.566923490939382,5.0408868465190695,4.1199131451064215,3.8673350323508906,3.419383353297642
1969Q2,8.33,4.129695618413899,2.6550712763113236,3.5234150143864045,13.824490120744851,13.301909419351334,12.37522030636334,12.117405352814007,11.681562142825745,2.9464895069755395,5.3103398065252545,5.5676608072440565,5.04508010585054,4.118390992862546,3.860576039313214,3.424732829324952
1969Q3,8.98,4.133661424599051,2.648229422783671,3.535145354171894,13.845026640846758,13.318959236531507,12.398901308842024,12.112684617208501,11.71511500640165,2.9604677244536797,5.313137011146315,5.571421905246763,5.045354500931511,4.1252965732420295,3.8390798816085057,3.4415102708016545
1969Q4,8.94,4.137467906604187,2.656265557952449,3.5553480614894135,13.852947951178129,13.338419471927912,12.400149833334982,12.106500898131964,11.722245915930957,2.973282144716399,5.316078696126679,5.5635871103350505,5.049058631084834,4.110788992491904,3.8171400572888867,3.4328850750878797
1970Q1,8.57,4.139413525589679,2.661238079316406,3.563882963939251,13.865442926712483,13.356146131156075,12.420736344307842,12.068705333737261,11.726390328532942,2.9872967947328894,5.3185414736365795,5.559604658343014,5.050307862786607,4.114898075938374,3.762867065367792,3.420552060163473
1970Q2,7.89,4.141164532865991,2.674217612565758,3.5610460826040513,13.880712921209907,13.371673576336509,12.42578230779008,12.011941630776722,11.736141013692563,3.001117745830329,5.321648076560197,5.5579470988193815,5.048907753945984,4.103016485399554,3.6891758083861954,3.4133751913020367
1970Q3,6.71,4.146921199439524,2.698471134655216,3.55820113047182,13.898066105808788,13.390070267673192,12.447386119454341,11.988519687685459,11.746058950313786,3.009289951486057,5.325051795650646,5.563724358672085,5.055728520536489,4.113044372317638,3.654177940548756,3.4117172031770835
1970Q4,5.57,4.142197779657487,2.7260865635883085,3.5553480614894135,13.900410373843714,13.400239023648172,12.463455291546007,11.962822045588313,11.724158365258603,3.0224228888070357,5.328507037711094,5.5494804473255845,5.049309097130042,4.112525365027878,3.6118921190701823,3.3732284387404734
1971Q1,3.86,4.154278749665138,2.753151028347306,3.5667118201397288,13.942280644386871,13.428650301281557,12.475737121569772,11.990754644568508,11.746256942671929,3.0374978227864586,5.331573209798896,5.573209611801516,5.0595792686962024,4.106666088984418,3.6216836119831535,3.377185910086573
1971Q2,4.57,4.159679641023363,2.7724012046594586,3.586292865338835,13.960710729806005,13.449109900801089,12.491695098421,11.975570838531445,11.771289431210851,3.0505518433180976,5.334466058179125,5.575692828308782,5.064091999303866,4.106677196923777,3.590552937034223,3.3862715297136288
1971Q3,5.48,4.163419652551212,2.7933712614223096,3.5779478934066544,13.979052713787395,13.466802366440154,12.505373211133834,11.993232085649357,11.784401933075076,3.060676962194373,5.337538079701318,5.580837671891704,5.068587324544463,4.107158169238143,3.595017043753665,3.386186891179385
1971Q4,4.75,4.162937353687712,2.805297896649486,3.6082115510464816,13.98971341377978,13.489418856674714,12.513803638474887,12.008097203495963,11.810887022018932,3.0689827352935835,5.340619864581915,5.580110813904282,5.079816256799216,4.104201038599388,3.598494603620464,3.401284422143434
1972Q1,3.55,4.1822791240565484,2.828969055675889,3.6375861597263857,14.02301972676739,13.512982832095988,12.550470533889888,12.116957238438978,11.853567567034384,3.084109384171404,5.343013447096889,5.595896895499097,5.085860000827695,4.123347702621594,3.6898344071706854,3.42644473576609
1972Q2,4.3,4.187516093109895,2.8516886779700137,3.66612246699132,14.051664308411677,13.537599262292998,12.565368152791487,12.153241326884189,11.877401898001038,3.090314916039939,5.345377463585437,5.615971928786302,5.101906882667622,4.129675773166112,3.7175489472588126,3.441709518375663
1972Q3,4.74,4.1927106739669675,2.871358818714234,3.696351468952637,14.070591439800891,13.561648744995164,12.557841574634477,12.163081633725078,11.89828990137139,3.099821982078372,5.347969064252757,5.6228003934697615,5.113857698664036,4.110050528303349,3.71529058739395,3.4504988550402613
1972Q4,5.15,4.201119077710809,2.8902050773390657,3.742420221041966,14.099865100323347,13.59299430985426,12.583649122550812,12.168059203331957,11.950967470008468,3.1124925641626904,5.350610910519139,5.636761625641517,5.129890835172432,4.120545647868982,3.704955728650128,3.487863995326639
1973Q1,6.54,4.2115348296335045,2.9232153427148138,3.8522730010223722,14.135773560454725,13.623147150129308,12.610106730212555,12.24435060674015,12.000511120546895,3.123949571354745,5.3527676723268085,5.659056316773173,5.146429906447754,4.133389486531002,3.767633363058598,3.5237938768653416
1973Q2,7.82,4.2047075446527185,2.9399552580849924,3.960813169597578,14.1618532071109,13.641784355050723,12.620527226976137,12.244615244200407,12.051072438289998,3.1392263731927206,5.354995387239894,5.667631446678286,5.147562594618108,4.126305466543521,3.7503934837677915,3.556850677857383
1973Q3,10.56,4.202316664716414,2.9658399156889543,4.0809215418899605,14.175865323048734,13.66338100095823,12.62540449773275,12.261185635583086,12.081880364470537,3.1584886748531056,5.357486812462338,5.659889835733291,5.147405513642788,4.109429010417307,3.7452101482676423,3.565904877155094
1973Q4,10.0,4.1973372768502655,2.9777210407521393,4.075841090657541,14.205042064434338,13.680706355661071,12.652657303884498,12.299257841882834,12.101500707751955,3.1782204831272667,5.359920333158505,5.666901248148566,5.142565539375299,4.114516487598725,3.761117025597062,3.5633598914661824
1974Q1,9.32,4.190427170899145,2.9943312926383627,4.147885329150131,14.215097758302976,13.70107341854894,12.690305803126341,12.310148836796396,12.11944664881748,3.196916473513774,5.3619679936243125,5.65621329116489,5.142188951410854,4.131421335988255,3.751264369658309,3.560562181679393
1974Q2,11.25,4.189669893426794,3.022714944883878,4.062165663857866,14.240814894005997,13.732587539508705,12.721757444359628,12.314949471715561,12.148538867132116,3.220274845781908,5.364114470338085,5.6564255778860035,5.148198223388713,4.137368128239636,3.730560155595568,3.5641495510121235
1974Q3,12.09,4.191077971179408,3.039653460611919,4.11414718951828,14.260213045753499,13.76345486776372,12.756243974637597,12.35798224458224,12.178110318244052,3.2491722190995507,5.366662695090969,5.64437813156298,5.147619953573201,4.140409060447077,3.74214733039172,3.5622754040535325
1974Q4,9.35,4.1878349053094395,3.0506938316279655,4.143134726391533,14.285313542082122,13.773728727949276,12.791712563374388,12.308651796777616,12.19384316939745,3.278163082223071,5.369241704884735,5.637908754974315,5.126323940841469,4.14430777626658,3.6612470096698098,3.546438382289644
1975Q1,6.3,4.196043382046935,3.0487515775296274,4.063885354737392,14.295536297665178,13.800589794953702,12.821631188056251,12.21972897197766,12.171160238284525,3.3006401266708405,5.371265738053303,5.6236304329410345,5.128683930229557,4.149725323332107,3.5478231072535156,3.499254373560381
1975Q2,5.42,4.205050764204679,3.058847907868066,4.1059436980654525,14.317408246052986,13.829001149346773,12.830426934605834,11.949940918388982,12.171874498150197,3.315385285248008,5.373665997337885,5.628356963467093,5.1399498667608805,4.14137565201994,3.2608896358030903,3.4828232155643035
1975Q3,6.16,4.202750436065887,3.0564039530867237,4.147885329150131,14.351898659780392,13.861622854129243,12.862021466600428,12.225007249143953,12.195047086826666,3.332882851478282,5.376615476372265,5.642400331929846,5.152124526278696,4.152523138749881,3.515508921293407,3.485548758976119
1975Q4,5.41,4.200759521758531,3.061520014091994,4.1666652238017265,14.381864167143853,13.888968247301378,12.88808556967358,12.24959179944367,12.220384737187917,3.3494829459754767,5.37919664727366,5.653184573894716,5.16028865405224,4.159405976424443,3.5209122061945326,3.49170514393878
1976Q1,4.83,4.208431888259868,3.0561686423578216,4.130354999745133,14.414614605676771,13.919787686970658,12.90244212889163,12.323709003763284,12.252498111240818,3.359993369738098,5.381343312246415,5.6732779236922575,5.178451004986145,4.161105446907117,3.5823723217787697,3.5111614292563047
1976Q2,5.2,4.2181243959036765,3.067959907550872,4.162003210695915,14.43195594378084,13.937321028163094,12.901679299105275,12.366621385478487,12.278430515719876,3.3700162641785805,5.383467011589718,5.678472668012542,5.183837752394795,4.148196023336977,3.6131381097101887,3.5249472399515778
1976Q3,5.28,4.2230455572378345,3.068517943279639,4.157319361383489,14.45026456267933,13.962900722634036,12.90797389715532,12.36265750319839,12.313253004268622,3.3828636749736507,5.386044320784522,5.681356566921157,5.193992726875862,4.139065901397149,3.5937495074402173,3.5443450085104495
1976Q4,4.87,4.22966185916973,3.0798436161726435,4.152613470346076,14.475242103254795,13.991485349921549,12.925905573019158,12.402777761191391,12.3468948951461,3.400630554379253,5.3886926625457905,5.685918886329752,5.202162132996505,4.136582356094114,3.613454544266347,3.557571678221056
1977Q1,4.66,4.230273079446345,3.092858984284714,4.182050142641207,14.502965568821034,14.021070011225406,12.950867807568766,12.466685376958859,12.401960101337513,3.416578483700458,5.391019603168328,5.695367481952249,5.213471924356622,4.143269720699981,3.6590872900900733,3.594362014468728
1977Q2,5.16,4.233207549933928,3.1084804332457443,4.206184043977636,14.53622864387727,14.043426702316621,12.974702923753792,12.523620511931673,12.444096927533673,3.430594358512943,5.3934275263496945,5.712206759014633,5.2194048174539835,4.150681038891155,3.699598627069036,3.6200750426710364
1977Q3,5.82,4.2386901863575295,3.128250653254135,4.160444363926624,14.566206104100884,14.067750668779983,12.990006152318083,12.537736913801837,12.480931602130592,3.4426911504915143,5.396228705856362,5.727286247753008,5.228830812432106,4.151086295970206,3.6988170574539603,3.642011745782716
1977Q4,6.51,4.241211638031653,3.1416491484541456,4.178992036282385,14.587593680111906,14.096775081932245,13.009752194630808,12.572082879738236,12.527953225561866,3.4640782797013565,5.399071790433621,5.724443609976929,5.233625011797268,4.146602124495831,3.708932809603258,3.6648031554268896
1978Q1,6.76,4.252074542987986,3.163954905968444,4.22683374526818,14.605221677498491,14.118612874967452,13.022739707865016,12.577205074557833,12.55116830759513,3.4784978713519434,5.401410814348397,5.725312991798152,5.238704189267112,4.142831022164676,3.6972963888574926,3.671259621894789
1978Q2,7.28,4.247580538120959,3.18738515777683,4.293195420967266,14.662079438424449,14.160082049746892,13.065344247981502,12.68549738145625,12.642235066107139,3.497446514451519,5.403942347231905,5.760690576741025,5.258693188063467,4.1639553862980785,3.7841085197728255,3.7408462044237143
1978Q3,8.1,4.248595237049693,3.2067627569843986,4.308110951723713,14.688915918018626,14.181692070942127,13.090313214298966,12.703223190172848,12.691885030310644,3.514287943381892,5.406871277885953,5.767756696750781,5.260532849674282,4.16915399303112,3.782063968905003,3.7707258090427977
1978Q4,9.58,4.253752825276377,3.21140801002068,4.350277936359301,14.722538118836843,14.208467092371368,13.114816974798927,12.760991706806676,12.740895030081719,3.5345329217754937,5.4097827097680815,5.7782224872932675,5.264151460827793,4.170501343255351,3.8166760752631004,3.7965793985381424
1979Q1,10.07,4.256392547509724,3.2069651738423657,4.406719247264253,14.742389041258313,14.232338200616542,13.125992783136,12.7806643046434,12.784636353867185,3.5526014358213085,5.4123243931581175,5.777463212278886,5.267412371637117,4.161066954156575,3.815738475663974,3.8197105248877588
1979Q2,10.18,4.252416116792595,3.211327407110871,4.441474093317302,14.767649784989054,14.258679203255056,13.154846056289255,12.805562779108458,12.805642394210661,3.576801985708491,5.4149308296320955,5.775916969648468,5.266946387914469,4.163113240948669,3.8138299637678714,3.8139095788700748
1979Q3,10.95,4.248123744481253,3.22386336637924,4.461299815568389,14.796676629246358,14.292903692441413,13.186475557671546,12.813239735323819,12.855795490081263,3.59843491784413,5.417956456447362,5.780285254954865,5.276512318149921,4.1700841833800535,3.796848361032327,3.8394041157897716
1979Q4,13.58,4.248295222046692,3.2472688993694185,4.499809670330265,14.817568993787246,14.319332714605938,13.213619897675882,12.826780845011017,12.87731413891295,3.6168193835775146,5.4210525644273755,5.779697045782356,5.281460766601048,4.175747949670991,3.788908897006127,3.83944219090806
1980Q1,15.05,4.244716683709275,3.26105369976707,4.515245478460105,14.84149552136959,14.347492010683014,13.251250753256432,12.828188270755884,12.910387237782016,3.6376124751696053,5.423865729412971,5.7800173167870135,5.2860138061004385,4.189772548673855,3.766710066173307,3.848909033199439
1980Q2,12.69,4.247137177439788,3.2653776585196206,4.492001487882454,14.844183813389822,14.348913192158047,13.285412066554677,12.797225859463753,12.885830588971103,3.6611227770688934,5.426662207235259,5.756398829085669,5.261128207853895,4.197627082250524,3.7094408751596,3.7980456046669504
1980Q3,9.84,4.2482666444943575,3.2829392331575353,4.584967478670572,14.865101705789893,14.382964688527606,13.29154734609946,12.784047442214954,12.913411151200542,3.6832134324873094,5.429652599378058,5.752235673924526,5.270098656662238,4.178681314234092,3.6711814103495857,3.800545119335174
1980Q4,15.85,4.25122009768458,3.284963145995622,4.632785353021065,14.90929688706628,14.42085004455837,13.319397833390003,12.860476399017713,12.954548094011995,3.7089271494177143,5.4323630019270865,5.768006735721478,5.279559893213569,4.178107682045202,3.7191862476729125,3.8132579426671955
1981Q1,16.57,4.2485095276616045,3.267056279392954,4.642465970731788,14.954690728868847,14.449827692992093,13.358778470911778,12.944921893660318,13.001381480843545,3.7349277676057726,5.434398630485796,5.785364330777279,5.280501294900524,4.18945207282021,3.775595495568749,3.832055082751977
1981Q2,17.78,4.247137177439788,3.286048373906415,4.647271362006727,14.966883530543795,14.466545328442482,13.382684016629991,12.962551369122583,13.045188553418276,3.754550146603582,5.436660912169604,5.775672471770609,5.275334269669297,4.1914729578568055,3.7713403103493963,3.8539774946450893
1981Q3,17.58,4.24900939556407,3.2972432839422137,4.6434288981051814,14.997424545712061,14.487484662592141,13.396616686264233,12.961969247743228,13.085925508545536,3.773197624342514,5.439387148979609,5.784839772389938,5.274899889270018,4.18403191294211,3.749384474421106,3.873340735223413
1981Q4,13.59,4.248123744481253,3.3083874070716712,4.604169685654508,15.00360333951165,14.49579891711004,13.426499830968037,12.924736489301397,13.129845317752084,3.7903298351494223,5.441997708913552,5.771275795448678,5.263471373047067,4.194172286905064,3.692408945238424,3.8975177736891107
1982Q1,14.23,4.261933119413991,3.3306318456148825,4.603168183317418,15.00161527456512,14.51571031057038,13.441695268282235,12.887240863955226,13.122529363627853,3.803992261214441,5.444126206920251,5.7534968064304275,5.267591842435688,4.193576800147543,3.639122395820534,3.874410895493161
1982Q2,14.51,4.259124267572547,3.3306676154716284,4.618086411254637,15.019074878872217,14.528286331069387,13.46324445222815,12.888045120996626,13.102301476499651,3.816898808327966,5.446332117147996,5.755843953396256,5.265055405593425,4.200013526752187,3.624814195520664,3.8390705510236898
1982Q3,11.01,4.257412507649712,3.3433916995657684,4.604169685654508,15.029331311664949,14.550601183983238,13.483310781373623,12.821093406163836,13.07887950990826,3.830986470738766,5.448881622839875,5.749463218086309,5.270733090404598,4.203442687794982,3.541225312585196,3.7990114163296194
1982Q4,9.29,4.261058845569595,3.404624834562414,4.594109238628667,15.040038941341175,14.578908352055269,13.510819312886209,12.785488259637404,13.063721039564156,3.8413000668091626,5.4513559997091106,5.747382874822902,5.286252285536995,4.218163246367936,3.4928321931191317,3.7710649730458816
1983Q1,8.65,4.265436637064506,3.435566601741697,4.603168183317418,15.060648242018614,14.596938268132176,13.524960376416985,12.806627449709971,13.043551744979936,3.8488275819309985,5.453379059847906,5.758441600239708,5.294731626353271,4.22275373463808,3.5044208079310666,3.7413451032010325
1983Q2,8.8,4.263017848091679,3.4805321464955914,4.6141299273595635,15.090551518882611,14.626190965203161,13.54246879131862,12.879443048459834,13.05291468776235,3.8562142685995675,5.4554407663188975,5.778896483964146,5.314535930284695,4.230813756400155,3.5677880135413687,3.741259652843885
1983Q3,9.46,4.258898087192731,3.5081666026593976,4.622027303054514,15.120914498036488,14.6570324839976,13.569886196220914,12.890221966492156,13.092668825949277,3.8667954874914567,5.457894723861398,5.796224286683634,5.3323422726447465,4.245195984868059,3.565531755139302,3.767978614596422
1983Q4,9.43,4.261087059885541,3.5305282979585613,4.634728988229636,15.149117495455153,14.67945312347955,13.560746042112662,12.926642854042994,13.151314227890358,3.874341906460457,5.460236366123838,5.814539222870858,5.344874850895256,4.226167769528367,3.5920645814586982,3.816735955306063
1984Q1,9.69,4.2589404999108975,3.5644210627641697,4.651099117876491,15.178550109858966,14.698519546042153,13.584865188242242,13.011177035639758,13.183392623231779,3.884425678236042,5.462156673963105,5.83196775765982,5.351937193843006,4.238282836043094,3.664594683440611,3.8368102710326326
1984Q2,10.56,4.260381463062498,3.5895562328191506,4.647271362006727,15.204202293085292,14.722104830757095,13.616000522009541,13.044107738638193,13.232605160269564,3.892942117615354,5.464179202303306,5.847080973166631,5.364983510838435,4.258879202090881,3.6869864187195316,3.8754838403509035
1984Q3,11.39,4.266980475352365,3.584157623342378,4.638604962074329,15.222648670888756,14.737195912659732,13.636048907736187,13.03945339636179,13.26497690232452,3.901790834861897,5.466611835462646,5.854246000564212,5.3687932423351885,4.267646237411644,3.6710507260372465,3.8965742319999768
1984Q4,9.27,4.266713982605702,3.593359252256524,4.6210435351443815,15.238269674611008,14.756219523326882,13.6679022633199,13.052835362753813,13.289405461995495,3.90923913405153,5.46903856527567,5.859991975283807,5.377941823999683,4.2896245639927,3.674557663426613,3.911127762668294
1985Q1,8.48,4.270703936029616,3.623967529936793,4.59511985013459,15.257752266545845,14.784776209501295,13.682655507997055,13.157707354950118,13.303712795157542,3.919078059901823,5.470895779357475,5.867778427286548,5.394802370241997,4.292681668737757,3.7677335156908196,3.913738955898245
1985Q2,7.92,4.271416251433874,3.649228648484144,4.563305981889393,15.27293580339199,14.801985344917757,13.710735426491244,13.083578889091156,13.319718035432015,3.92549189137511,5.4730098961775,5.8744340158393795,5.403483557365146,4.3122336389386335,3.6850771015385453,3.9212162478794053
1985Q3,7.9,4.2798554720627555,3.694190326432513,4.534747721691546,15.29410443502113,14.82861869684132,13.740100353658816,13.158735807278038,13.31204445304867,3.931511858011993,5.475580316805893,5.887012260203243,5.4215265220234325,4.333008178840929,3.751643632460152,3.9049522782307853
1985Q4,8.1,4.28917094015453,3.7366691179497846,4.554928969551344,15.307086581633166,14.837745635034619,13.752127635531911,13.169075192826284,13.334352144802912,3.937086281021815,5.478081489226719,5.891918811384632,5.422577864786084,4.336959865283378,3.75390742257775,3.9191843745543764
1986Q1,7.83,4.29857708864455,3.751478595870456,4.51085950651685,15.321340640112023,14.853540223933974,13.760846325184753,13.192240124824503,13.326977922023206,3.9420477185338414,5.480059588893525,5.899233332684657,5.431432916506607,4.338739017757387,3.770132817397136,3.90487061459584
1986Q2,6.92,4.3152456009835305,3.8005549880045253,4.455509411433685,15.329613090276524,14.863340298984491,13.78249034193614,13.170185454080622,13.313008530094057,3.9458252188366116,5.482171082320068,5.901616789119845,5.435343997827811,4.354494040779461,3.742189152923942,3.8850122289373776
1986Q3,6.21,4.3221041100795,3.8559816145445214,4.461299815568389,15.34323264718063,14.886135152886617,13.809086970833121,13.196735885993773,13.307952921838375,3.94991591436252,5.484639244709885,5.908677488108224,5.451579993814212,4.374531811760717,3.7621807269213687,3.87339776276597
1986Q4,6.27,4.328902718351564,3.913521881551882,4.469350462845557,15.354016648933678,14.89826680132638,13.811889008061744,13.25793743237291,13.322122020709694,3.9553506581633244,5.4870309507376405,5.911635040032713,5.455885192425416,4.36950739916078,3.815555823471944,3.8797404118087284
1987Q1,6.22,4.321958108207762,3.9577800027658743,4.499809670330265,15.367776032930683,14.908612023233255,13.824154094739818,13.259239420444507,13.298918339303947,3.9617270376072615,5.488974915547797,5.917074079775625,5.457910070078197,4.373452141584759,3.8085374672894474,3.8482163861488874
1987Q2,6.65,4.318594168298829,3.974095989625925,4.539030383483547,15.38540898644308,14.93174335627855,13.840416806269497,13.387262886958865,13.31854017222201,3.968630156239437,5.49108418120353,5.925694649000112,5.472029018835584,4.38070246882653,3.927548549515899,3.858825834779043
1987Q3,6.84,4.319006959505581,3.9590210885887287,4.564348191467836,15.401588744120247,14.952496406180563,13.851065908027886,13.36634901558938,13.346274633957446,3.976180203871459,5.493555148608538,5.931853391640249,5.482761053700566,4.38133055554789,3.896613663109384,3.87653928147745
1987Q4,6.92,4.322860324004666,3.9675333953557135,4.557029810660157,15.426545993678287,14.963203762180331,13.870021470262811,13.377222626488606,13.35434931929982,3.9841203862685295,5.496024128440972,5.946401478968785,5.4830592474708295,4.3898769555533095,3.8970781117791056,3.874204804590318
1988Q1,6.66,4.3337419677192015,3.9654121020870496,4.548599834499697,15.439516243251251,14.98857951988757,13.870844029832352,13.390383922604851,13.37156134534006,3.9919241646226307,5.498020321172766,5.949571757455855,5.498635034092175,4.3808995440369545,3.9004394368094535,3.881616859544664
1988Q2,7.16,4.335288738161817,3.983859829046829,4.565389315976247,15.4622511915342,15.006919567312814,13.883562586997735,13.412462526371714,13.399035562871545,4.001607735170235,5.500098354498211,5.960545101865755,5.505213477644368,4.38185649732929,3.9107564367032697,3.8973294732031
1988Q3,7.98,4.336126664866077,3.997998846435416,4.5736795188967205,15.479973443404315,15.02801655085756,13.890794267239574,13.442333049812113,13.409544824564177,4.01349597435878,5.502702065643285,5.96377540340225,5.511818510855494,4.374596227237509,3.926135009810048,3.8933467845621124
1988Q4,8.47,4.33448943521622,3.9997224789583754,4.570578741218473,15.501818581474565,15.049393267936283,13.919794894749293,13.46494974173764,13.432673493665895,4.022096398014477,5.505193314998176,5.974528868461912,5.522103554923631,4.392505181736641,3.937660028724986,3.9053837806532417
1989Q1,9.44,4.327147973163892,3.986220973532111,4.626931677769604,15.522302559995257,15.065461576631831,13.925762192574187,13.503370478733359,13.45377425550438,4.032469158504013,5.507199708509977,5.982633692981266,5.525792709617841,4.3860933255601955,3.963701611719369,3.9141053884903894
1989Q2,9.73,4.316220643969345,3.976836488760148,4.6434288981051814,15.5405002185833,15.083518725615116,13.951621495699722,13.502907180107247,13.471607984635815,4.043068811540308,5.5094571601705145,5.987974246872478,5.530992753904296,4.399095523988901,3.950381208396425,3.919082012924993
1989Q3,9.08,4.318074608181364,3.9788401784654632,4.628886712605407,15.555163244117825,15.099051834454938,13.967871064959315,13.503438793703655,13.502356135672695,4.050340426724046,5.512210262179309,5.992612555214469,5.536501145551583,4.40532037605596,3.9408881048003,3.939805446769341
1989Q4,8.61,4.323390659188925,4.000638095781793,4.642465970731788,15.564229775546835,15.111248721179647,13.981448635507705,13.494284111420614,13.497194692341855,4.0574385015261205,5.5149356746937706,5.991855599326943,5.538874544959757,4.4090744592878135,3.921909935200723,3.9248205161219643
1990Q1,8.25,4.326632839448887,3.99970415806798,4.665324108807838,15.585825222260242,15.134047355718433,14.0081536638301,13.499670408463878,13.51559394784415,4.068171687918078,5.517195835314872,6.000457699027294,5.548679832485484,4.422786140597151,3.9143028852309287,3.9302264246112015
1990Q2,8.24,4.336806963700482,4.011506283913096,4.625952725170619,15.600585737017074,15.146139184761282,14.023110734474669,13.49939197326787,13.506433230658049,4.07931552320234,5.5203042491788645,6.000965964635869,5.546519412380076,4.423490962093464,3.899772200886665,3.906813458276844
1990Q3,8.16,4.3337419677192015,4.014507388980471,4.692264892839025,15.609786192325492,15.162726195849837,14.032703640301566,13.514279781606827,13.520349923985696,4.087840120799898,5.523838090147998,5.998107981377597,5.551047984901942,4.42102542935367,3.9026015706589314,3.9086717130378004
1990Q4,7.74,4.325773693123083,4.033426147252683,4.771531723203316,15.608058549560171,15.168224608908355,14.053319642704757,13.520426491555606,13.511047129576124,4.0952608090064535,5.527371416401957,5.98542632415176,5.545592383499945,4.430687417296347,3.8977942661471956,3.8884149041677127
1991Q1,6.43,4.32631570213899,4.033373005230617,4.663439094112067,15.613115906693558,15.169685055121944,14.065636391257051,13.566238613820369,13.500524432745124,4.105004212405917,5.530452373299702,5.977659320987939,5.534228469416324,4.4301798055514325,3.9307820281147503,3.865067847039505
1991Q2,5.86,4.3408139388398075,4.068086141059734,4.6061696863211745,15.628193268196428,15.183369017392907,14.075238272864482,13.490683057464661,13.496388728717879,4.112315447543337,5.533638469586921,5.98223935106617,5.537415100262649,4.429284355734223,3.8447291403344037,3.8504348115876206
1991Q3,5.64,4.346580787739583,4.09229245809597,4.59511985013459,15.641016972472613,15.19509973952712,14.082682477882914,13.467513565733432,13.487214802627197,4.120109770108127,5.537196462248305,5.983710740116181,5.537793507170688,4.425376245526483,3.810207333376999,3.829908570270764
1991Q4,4.82,4.35263644321674,4.125956271987511,4.604169685654508,15.650415719833727,15.201812919052164,14.084601379107625,13.440194369206434,13.483667589726723,4.126020862082643,5.5406162769019875,5.983778580849096,5.535175780067535,4.417964240122995,3.7735572302218032,3.817030450742093
1992Q1,4.02,4.373023729870882,4.1628439786467935,4.580877493419047,15.666026552260893,15.22659533177,14.097994895565943,13.406862389289612,13.478930915575269,4.129727793446077,5.543555035335312,5.992743723479505,5.553312502988611,4.424712066784555,3.7335795605082227,3.8056480867938793
1992Q2,3.77,4.3754173413339466,4.215809699503277,4.605170185988092,15.682804588426645,15.239981818422535,14.10429727007695,13.413469082531817,13.50995775090934,4.13572640000087,5.546890819563801,6.000187368861973,5.5573645988578635,4.42168005051228,3.730851862967146,3.8273405313446687
1992Q3,3.26,4.380650688493951,4.244644982159774,4.622027303054514,15.697512996403027,15.256996218867716,14.11857151679459,13.414937464416536,13.525875913817819,4.140607726691739,5.550576903628444,6.006328366082845,5.565811588547533,4.427386886474409,3.7237528340963526,3.8346912834976354
1992Q4,3.04,4.37833231908561,4.2993784523639285,4.626931677769604,15.714748747869073,15.27579975983877,14.125033620016007,13.44176356957817,13.5519186402388,4.1474586978715875,5.554032652389584,6.0132573976079025,5.5743084095776,4.423542269754834,3.740272219316998,3.8504272899776284
1993Q1,3.04,4.3660242771963755,4.312019856500076,4.620058798481842,15.72200531205989,15.285574902596046,14.116960911138968,13.428613491835955,13.562536467491388,4.153053625036114,5.556978629514215,6.011973057509562,5.575542648045718,4.406928656588638,3.7185812372856266,3.852504212941059
1993Q2,3.0,4.366087783372373,4.34533671635605,4.646312129319266,15.733746865693883,15.301329161785294,14.122308257075446,13.485165909271572,13.582783733423003,4.158992452378663,5.560012176211426,6.0147422371037935,5.582324533195204,4.403303628485357,3.766161280681483,3.8637791048329135
1993Q3,3.06,4.3626654099452535,4.378633384105384,4.617098756853365,15.744434105284672,15.316737005755895,14.12842972889342,13.487760373418125,13.59025853538596,4.1649117493791215,5.563424021070267,6.0160983348352834,5.588401235306506,4.400093958444032,3.7594246029687364,3.8619227649365717
1993Q4,2.99,4.363073146756794,4.4275256747451,4.632785353021065,15.763381355120886,15.331220258622523,14.138603692207857,13.561776347226958,13.628748356084165,4.170348355218929,5.566613999668636,6.0264190002333216,5.594257903734958,4.401641337320293,3.8248139923393945,3.8917860011966
1994Q1,3.21,4.354347065567139,4.437827877974383,4.636668853047462,15.777807422693446,15.34616994664085,14.13276356850629,13.576763401109694,13.642006809774074,4.175125458905536,5.569298247276406,6.033383716511502,5.601746240458907,4.388339862324347,3.8323396949277506,3.8975831035921313
1994Q2,3.94,4.3574137064086305,4.434453036852259,4.633757642840004,15.796088626864913,15.35948429430775,14.144376799343242,13.624995122850857,13.659568775069145,4.179941049838787,5.5722300749138185,6.043917502112309,5.607313169555144,4.392205674590636,3.872823998098252,3.90739765031654
1994Q3,4.49,4.3494647025485,4.423312521579424,4.61512051684126,15.807632720681287,15.374236270300724,14.16858141497721,13.640093510094845,13.678658228556927,4.18566193287779,5.575456557623259,6.046514230180239,5.613117779799675,4.407462924476162,3.8789750195937973,3.917539738055878
1994Q4,5.17,4.352675060959023,4.408218123387989,4.603168183317418,15.824434137225532,15.389676255655175,14.168223764574906,13.62893757665867,13.717885601129574,4.191062841098538,5.578513992820916,6.054857303306077,5.62009942173572,4.398646930655452,3.8593607427392156,3.9483087672101194
1995Q1,5.81,4.352404705439871,4.390317172991616,4.628886712605407,15.833381037907175,15.397050104868493,14.17848283203248,13.644540725849922,13.758538009203283,4.196479882524232,5.581192906105731,6.055708249277213,5.61937731623853,4.400810043402516,3.866867937219959,3.98086522057332
1995Q2,6.02,4.353086890776174,4.395732281729994,4.634728988229636,15.841155279312206,15.411581326883473,14.189066610815349,13.653955869319187,13.771326668603118,4.201268854543608,5.584030000929173,6.055856423839424,5.6262824714106925,4.403767755342568,3.8686570138464056,3.9860278131303364
1995Q3,5.8,4.3540257432588225,4.40926478511974,4.616110126026426,15.854536923403742,15.424680834587106,14.19096927701219,13.67042351236053,13.780431416650273,4.206184043977636,5.58724865840025,6.061104221025857,5.63124813220922,4.397536574634304,3.8769908099826442,3.986998714272389
1995Q4,5.72,4.357118998967697,4.417381712801317,4.646312129319266,15.866113485504846,15.436017976721171,14.188159731797436,13.705494778918252,13.797407685266421,4.21098620599779,5.59031511306742,6.064812166439637,5.634716657655962,4.386858412732226,3.904193459853042,3.996106366201211
1996Q1,5.36,4.3602410426019595,4.435579249872952,4.704110133842995,15.878373938165959,15.45073609300249,14.201653523325067,13.71920998788537,13.819250555446612,4.2157801783365985,5.592802495644556,6.069791264184805,5.642153419021336,4.393070849343913,3.910627313904215,4.010667881465458
1996Q2,5.24,4.361020032891203,4.442051076418284,4.73356340075649,15.899048697118673,15.46810354915975,14.21271631803495,13.781755202497958,13.841634341063344,4.219919385130167,5.595644030050028,6.0834852819384775,5.652540133979556,4.397152902854754,3.966191787317763,4.026070925883149
1996Q3,5.31,4.363493451292718,4.441379860373394,4.73795129722191,15.911244652260933,15.478395394060703,14.21879529078089,13.803391416941661,13.872802573990164,4.223192085972381,5.598895920734837,6.089156645553714,5.656307387353484,4.396707284073669,3.981303410234442,4.050714567282945
1996Q4,5.28,4.361479480286179,4.438371523247423,4.75960653929251,15.9269074211419,15.49312343415664,14.231389255941211,13.849995073017114,13.895796620639965,4.228511169721596,5.602085609996122,6.096310641424181,5.662526654438922,4.400792476223492,4.019398293299396,4.065199840922246
1997Q1,5.28,4.367141397174436,4.439304485825355,4.763881877142913,15.939286518373903,15.508021351685947,14.231575950676401,13.875068257880725,13.9174351776862,4.234468757816218,5.604731640653656,6.100086119904029,5.668820953216074,4.392375552206526,4.035867859410851,4.078234779216325
1997Q2,5.52,4.373818036123993,4.433040515028967,4.679349584162343,15.957788978496808,15.515020774633431,14.248941614635337,13.912477546321183,13.937344046117985,4.236451578846931,5.607590906543293,6.113746493106584,5.670978289243208,4.404899129245113,4.068435060930959,4.0933015607277605
1997Q3,5.53,4.379297915102624,4.439127407963757,4.673762977453703,15.974551208942435,15.53455219091594,14.257130144668004,13.955973993366092,13.979637593765734,4.240808632758344,5.610903004947721,6.122839571236369,5.682840553209876,4.405418506961938,4.104262355660026,4.127925956059668
1997Q4,5.51,4.392348183745753,4.445611576298992,4.724729421045731,15.986380550732814,15.549572056052812,14.269627407963537,13.968879503745649,13.981976238782615,4.24412857918185,5.614025513816522,6.128226457734442,5.691417963054439,4.411473314965165,4.110725410747278,4.123822145784244
1998Q1,5.52,4.407548171903959,4.446901036897085,4.61512051684126,15.99778843223063,15.55971395122271,14.265329974619421,14.010132816637672,14.008094278174688,4.245548046188177,5.616589262953823,6.135651123088628,5.69757664208071,4.40319266547742,4.147995507495671,4.145956969032687
1998Q2,5.5,4.417200709681536,4.4439445374888695,4.596129441335942,16.00936267717318,15.57896759871597,14.287818405458953,14.040683249180939,14.036334621344958,4.247909356166025,5.619324199363367,6.142129121643788,5.711734043186578,4.420584849929562,4.1734496936515475,4.169101065815567
1998Q3,5.53,4.428862509510913,4.414275988889378,4.544358046591334,16.026100639904563,15.595002757641797,14.302409405812114,14.076061641150106,14.047932531283132,4.252131480058304,5.622442258916354,6.1515269009299045,5.72042901866714,4.427835666837456,4.201487902175449,4.173358792308475
1998Q4,4.86,4.430197559535174,4.420610125613436,4.528289141652134,16.044878620259905,15.611965320364508,14.314740409881255,14.103374613856065,14.074364051496554,4.254945820830519,5.625460507880731,6.164472291548654,5.731558991653258,4.434334081170004,4.222968285144814,4.193957722785303
1999Q1,4.73,4.444261723697453,4.440248371874006,4.498697941477575,16.057462241603275,15.62413369946506,14.327818482579337,14.127803532351129,14.09488698382794,4.258190943598977,5.62799154866825,6.171279749336048,5.737951207197834,4.44163599031211,4.241621040083902,4.208704491560714
1999Q2,4.75,4.441108891185646,4.440271957614069,4.553876891600541,16.06955750502962,15.644989774716487,14.343049925687396,14.152419841923527,14.118544189920492,4.261961309074025,5.630724207779326,6.176871988176272,5.752304257863136,4.450364408834045,4.259734325070176,4.225858673067141
1999Q3,5.09,4.442027532603243,4.435389660688448,4.624972813284271,16.08625672921889,15.661649305031046,14.365932209059753,14.181331449921087,14.142360938350054,4.26549281841793,5.633899921805842,6.186863988995118,5.7622565648072746,4.466539468835981,4.281938709697315,4.242968198126281
1999Q4,5.31,4.45453332546063,4.6119273051512515,4.663439094112067,16.108062385666187,15.682228911027524,14.393100972888707,14.21800659607646,14.148440098068747,4.2710252391259695,5.636901656926937,6.20013548961328,5.774302014974618,4.485174076835801,4.310079700023554,4.240513202015841
2000Q1,5.68,4.479005875366279,4.4600056759904705,4.703203926259457,16.118313527221563,15.705336556288481,14.397667516878542,14.2814911054581,14.187246513328311,4.277651744239005,5.639435935088989,6.20122584789357,5.788248876960487,4.480579837550548,4.364403426130107,4.270158834000317
2000Q2,6.27,4.473910496804576,4.428146570287435,4.763028270603671,16.14256579978107,15.719394267208132,14.415732911502523,14.286484341458156,14.2201279735493,4.283862385886651,5.6419141631115455,6.216789250782876,5.793617718209936,4.489956362504327,4.3607077924599595,4.294351424551103
2000Q3,6.52,4.483906098495052,4.425660671693943,4.802380355275797,16.149416492130086,15.735367683775838,14.420961399729077,14.28786517147952,14.233994551419702,4.289692023471086,5.644630309909247,6.2150941587497535,5.801045350395505,4.4866390663487445,4.353542838099188,4.299672218039371
2000Q4,6.47,4.482697420720302,4.4242356668125575,4.894101477840304,16.160747394466433,15.74972486221436,14.43676047479907,14.290290263577802,14.23756529407285,4.2950652564342935,5.647275613215763,6.218406524816378,5.807383992564303,4.494419605149013,4.347949393927745,4.295224424422792
2001Q1,5.59,4.495120917510772,4.409167467438257,4.987707789452551,16.164046645640585,15.760748767032755,14.460650093107112,14.290754184413618,14.224467562300294,4.301656790163592,5.649569131599546,6.212820723877447,5.809522845269618,4.509424171343975,4.3395282626504805,4.273241640537156
2001Q2,4.33,4.4921694469008475,4.418599614904722,4.850466541943434,16.176270215009392,15.767438279345026,14.482175663300191,14.271746090453956,14.203208765278276,4.307653242684046,5.651920597603527,6.216696374721819,5.807864439057452,4.522601823012618,4.312172250166382,4.243634924990704
2001Q3,3.5,4.490432508517668,4.512736864057004,4.7086288943563215,16.176177749181583,15.77141870293195,14.485086097410491,14.123796407294424,14.188851843644164,4.31157734598323,5.654536206487152,6.2100641967112,5.805305150461567,4.51897254494011,4.157682854824042,4.222738291173782
2001Q4,2.13,4.500820270612844,4.478131952817368,4.590056548178043,16.182052596763736,15.787828920295889,14.505022137729357,14.166752469675712,14.158288585516082,4.314710927389014,5.657078632602458,6.210263036772265,5.8160393603044165,4.533232577737885,4.19496290968424,4.1864990255246095
2002Q1,1.73,4.5016635064692645,4.4811137637260865,4.612145799724517,16.193527746074174,15.792048978783553,14.52846526776917,14.043191798377316,14.133256402226381,4.317848048751858,5.659255709272727,6.216423988049588,5.814945220758969,4.551361509744584,4.0660880403527315,4.156152644201797
2002Q2,1.75,4.5027830233096635,4.467711090025588,4.676560182074764,16.203122226198143,15.804474038825608,14.545222041927829,14.020813507949919,14.120983677016204,4.321334041797467,5.6614802184222945,6.2203079659783835,5.821659778605847,4.5624077817080675,4.037999247730158,4.138169416796443
2002Q3,1.74,4.502550355663266,4.465275734834032,4.686750172980514,16.21195386808391,15.816603321045616,14.558045819144073,14.025053235293482,14.114788141870632,4.326117440234365,5.66401201041748,6.221824417432066,5.826473870393771,4.56791636849223,4.034923784641638,4.124658691218786
2002Q4,1.44,4.499009350159496,4.501264167591645,4.7535901911063645,16.21897511166913,15.826801462663795,14.57735883411539,14.019650682536447,14.101602617014443,4.33190370777062,5.666450909272385,6.220620494626124,5.82844684562079,4.579004217072385,4.021296065493441,4.103247999971439
2003Q1,1.25,4.494741292218703,4.513756405351776,4.92870191133357,16.229111753591834,15.839328389896094,14.591163564076929,14.012773271027525,14.102714516137636,4.336780806916719,5.668531737376736,6.223799209298376,5.834015845602638,4.585851019783473,4.0074607267340685,4.097401971844181
2003Q2,1.25,4.513712575499256,4.523471942003586,4.876722876509988,16.241442380526028,15.85171286303011,14.60341913140891,14.00906545059124,14.128012795846827,4.340292766189574,5.670752956441898,6.2303966578945555,5.840667140398639,4.592373408777436,3.998019727959768,4.1169670732153545
2003Q3,1.02,4.521234075515389,4.556032461426543,4.885827643502908,16.263638157978065,15.87231364769541,14.613212329511985,13.963890907123847,14.146339041386074,4.345997821982026,5.6732339161007665,6.244406419895271,5.853081909612618,4.593980591429192,3.9446591690410537,4.127107303303282
2003Q4,1.0,4.531351402784445,4.551178517419194,4.93806460126142,16.281254265813782,15.884074780520045,14.626957973743181,14.056517602767421,14.160417833692206,4.352069878259078,5.675619597657505,6.2535647898972,5.856385304603463,4.599268497826599,4.028828126850838,4.1327283577756235
2004Q1,1.0,4.520755434845728,4.554949999824424,5.016617365773803,16.29401735564997,15.901030712387065,14.642573932103357,14.05370507312456,14.153289083875148,4.359180129478146,5.677565116899159,6.257272109272665,5.864285466009759,4.605828685726052,4.016959826747255,4.116543837497842
2004Q2,1.01,4.532061714167453,4.571551352964415,5.071416766356115,16.309774541034955,15.913173575618318,14.657371665960337,14.093105930265017,14.18393678432634,4.367217519020174,5.67974589682796,6.262811125186821,5.866210159770184,4.610408250112204,4.046142514416884,4.136973368478207
2004Q3,1.43,4.54412422542095,4.575185092897513,5.0689042022202315,16.325541190703706,15.929756223046025,14.672633281645094,14.147775384407138,14.214618837515637,4.373540731023583,5.682228514671809,6.269771945008314,5.873986977350634,4.616864035949702,4.092006138711747,4.158849591820244
2004Q4,1.95,4.537094750670706,4.561301889531431,5.117993812416755,16.343413955780917,15.949513790749288,14.686321380724213,14.178080691078744,14.241884870428809,4.3812638438228975,5.684715176938948,6.2774349350190715,5.883534769987443,4.620342359962367,4.112101670316899,4.175905849666963
2005Q1,2.47,4.538260856704518,4.572388696463712,5.111385197196399,16.362396676055454,15.961644744303266,14.701811250627587,14.267789274968248,14.265505976282963,4.389225659400575,5.686829583003539,6.286341433651342,5.885589501899153,4.625756008223474,4.191734032564135,4.18945073387885
2005Q2,2.94,4.5380683824473556,4.5644106895147925,5.135210028677887,16.374492607946966,15.978965184160485,14.71251489727017,14.278291919306946,14.287910064801771,4.396397871972854,5.688966592850843,6.289128143123267,5.893600719336787,4.627150432446473,4.192927454483248,4.202545599978073
2005Q3,3.46,4.536141599577656,4.574081914704853,5.2225156531317545,16.3913726162588,15.997969885752777,14.72957401129405,14.304415060008571,14.312112908849018,4.40547457053643,5.691507443780589,6.294390601941783,5.900987871435759,4.632591996977031,4.207433045691553,4.215130894531999
2005Q4,3.98,4.5326640072012125,4.567312543431851,5.338499156180869,16.405092788896003,16.007755535424586,14.743109905725472,14.352637645766274,14.327536860626783,4.413658529292176,5.694021659177193,6.297412600426632,5.900075346955217,4.635429717256103,4.244957457296905,4.219856672157413
2006Q1,4.46,4.546163005408059,4.567385241625333,5.245970886175828,16.42551858409288,16.02380178453255,14.76333328967559,14.394352336384587,14.366695477221832,4.420718361784868,5.696207187818464,6.308593034489548,5.90687623492922,4.6464077400722585,4.277426786781255,4.249769927618501
2006Q2,4.91,4.5387205064167775,4.553339905343961,5.203457085524077,16.436798369258792,16.037714861141456,14.775077230967309,14.410452672577449,14.38897289557824,4.429411049335541,5.698461677621708,6.308925642301542,5.909842134184206,4.64720450401006,4.282579945620199,4.261100168620991
2006Q3,5.25,4.532169293103601,4.55068232070397,5.211669559822364,16.445252346633183,16.051290242371802,14.782600862365397,14.41570273311809,14.41211820337217,4.436372764413995,5.701045398946315,6.307834183272874,5.913872079011491,4.645182699005088,4.278284569757781,4.2747000400118615
2006Q4,5.25,4.551938171391154,4.533480825096246,5.217649463480582,16.45738961703952,16.059127506425536,14.799255805328992,14.428921109003985,14.430452383550627,4.439941706620314,5.703602458454257,6.313845451964951,5.915583341350965,4.65571164025442,4.285376943929414,4.286908218476056
2007Q1,5.26,4.564848066509487,4.542773369762381,5.281679725395013,16.469854098712233,16.074367144956206,14.815587504913378,14.442346446957291,14.453162998834186,4.449404870003829,5.705810416990438,6.314638811717966,5.919151857961937,4.660372217919109,4.287131159963024,4.297947711839918
2007Q2,5.25,4.552992289929511,4.536698607175929,5.322522055244854,16.4828833374284,16.085439495868066,14.834342715593696,14.45879289709599,14.477021550009207,4.456333694151264,5.708053341506847,6.318496301770288,5.921052460209955,4.669955679935585,4.294405861437879,4.312634514351095
2007Q3,5.07,4.5510729642678065,4.556515512639364,5.307277107919509,16.49407132175247,16.097727930026803,14.848238709448374,14.430244203028705,14.492211233145278,4.461784686452157,5.710632294317361,6.321654340982953,5.925310949257284,4.675821728678855,4.257827222259186,4.319794252375759
2007Q4,4.5,4.550999070432102,4.536902051815597,5.422744944923089,16.504381881198178,16.111789810873436,14.868098803221027,14.419173852857197,14.507218202889803,4.4658276556474075,5.713168289764692,6.325385935786078,5.932793865461338,4.689102857808927,4.240177907445097,4.3282222574777025
2008Q1,3.18,4.5495729058856815,4.564691882399341,5.535758222563071,16.503802714776466,16.11854005219746,14.88353992015459,14.389856184353908,14.515483887268072,4.469522269391809,5.715361840946641,6.318918604438018,5.93365594185901,4.698655809816141,4.204972074015458,4.330599776929622
2008Q2,2.09,4.538314315202026,4.553603169931656,5.651787179537821,16.514567171055553,16.13099894425576,14.90462521995988,14.188118396530525,14.520605577978555,4.474355100857797,5.717553878740119,6.322658191457639,5.9390899646578434,4.712716240361964,3.9962094169326083,4.32869659838064
2008Q3,1.94,4.533351898197619,4.774026491828476,5.621487231929371,16.516804587450874,16.133878247965264,14.923753654496323,14.269844557301544,14.512155115565118,4.48186065736242,5.719990413500409,6.314953516588046,5.932027177102433,4.7219025836334945,4.0679934864387155,4.310304044702289
2008Q4,0.51,4.569408284244149,6.430029107518338,5.264243386214285,16.497094188943453,16.10874628149168,14.921371842394088,14.175552128450839,14.467178757402188,4.484278573710005,5.722329411942779,6.290486203290672,5.9021382958388955,4.714763856741304,3.968944142798055,4.260570771749404
2009Q1,0.18,4.549075911633183,6.709648183576434,5.1089711948171175,16.484882437458978,16.09941922725674,14.921444974308043,13.820489144211335,14.38162007308355,4.483488309720718,5.724359311978361,6.277034815759897,5.891571605557658,4.713597352608964,3.612641522512255,4.17377245138447
2009Q2,0.18,4.569874559593367,6.820684263850552,5.12574810119676,16.481434859275552,16.09845421467017,14.93733533999628,13.644222705358652,14.337255943523477,4.481826719751059,5.7264111702164735,6.27319696930802,5.89021632470264,4.729097450028746,3.4359848153911208,4.129018053555945
2009Q3,0.16,4.5693357329788755,6.796855002701694,5.1515559851526325,16.48612759928727,16.112017818295836,14.9443474465989,13.65301280471287,14.31993795667291,4.483013851385074,5.728712457446021,6.274401290456174,5.90029150946474,4.732621137767805,3.4412864958817737,4.108211647841815
2009Q4,0.12,4.56611745872439,7.043686414918036,5.269403356383394,16.500036145765964,16.11859512619979,14.953598655451128,13.740395771450721,14.321920245821612,4.486172663140606,5.731024679799934,6.282838802825423,5.901397783259251,4.736401312510587,3.523198428510181,4.104722902881072
2010Q1,0.13,4.554802778624305,7.103884404382288,5.354697699984144,16.50774365899485,16.12822636158168,14.957762946560864,13.683235518654454,14.322305870927693,4.489040782328364,5.733020837212918,6.285682039453569,5.906164742040401,4.735701327019582,3.461173899113173,4.10024425138641
2010Q2,0.19,4.567104805181299,7.054510968861344,5.328361487896413,16.522239419815477,16.13869648901128,14.967906238153123,13.724484587814,14.355358529426185,4.493914550427858,5.734919319159742,6.293405550227878,5.909862619423679,4.739072368565522,3.4956507182264,4.1265246598385845
2010Q3,0.19,4.570133507541097,7.018952229470435,5.3442462984364365,16.53295694300927,16.147727654404086,14.965544782745233,13.778881842680265,14.382166647570767,4.496950029897695,5.73704960290567,6.298957310205905,5.91372802160072,4.7315451499418675,3.5448822098768993,4.1481670147674015
2010Q4,0.19,4.565368504105154,6.987210429462363,5.402677381872279,16.54398241041401,16.160225973244433,14.96744779248441,13.82053690469253,14.404323917856894,4.502738709836145,5.7392043145523335,6.302039386025532,5.918282948855954,4.725504768095933,3.578593880304052,4.162380893468415
2011Q1,0.16,4.573493743127539,7.177937366021914,5.491826112732555,16.54672035979603,16.172412893602225,14.964742447472721,13.864207384444546,14.406136521573552,4.507843975358587,5.741001185138809,6.297875199298634,5.9235677331048295,4.715897286975326,3.61536222394715,4.157291361076156
2011Q2,0.09,4.553339905343961,7.406901361672362,5.5443958891447425,16.56005590225187,16.183229432393322,14.96869341488652,13.872545686427115,14.437166570319821,4.514435522525584,5.7428108616236795,6.302809518102608,5.925983048244057,4.711447030737256,3.615299302277851,4.179920186170556
2011Q3,0.08,4.554802778624305,7.44637504209145,5.531411248715415,16.565833221149884,16.1908840171006,14.958752622343445,13.868032796890043,14.485264231730381,4.520439841827508,5.744943611661142,6.300449767661233,5.925500563611951,4.693369168854796,3.602649343401394,4.219880778241732
2011Q4,0.07,4.535359122730665,7.399617631094423,5.508173023535311,16.57819154781856,16.195906886132608,14.956787941599023,13.890647714611614,14.513135697483802,4.5216255202777464,5.747027132157173,6.30953889538364,5.927254233697687,4.688135289164102,3.6219950621766936,4.2444830450488835
2012Q1,0.1,4.5532345800995095,7.416215507405028,5.509793112994564,16.592390372783168,16.209699060078016,14.961014066089884,13.984118511670468,14.544683931550143,4.52747887827222,5.748797267101761,6.316114227409186,5.933422914704037,4.684737920715905,3.7078423662964872,4.268407786176163
2012Q2,0.15,4.556274016200263,7.387741416781155,5.449320240084564,16.600960901314473,16.213865270658516,14.95668348882843,13.98512083432239,14.569833267387027,4.5315989928196725,5.750580179004741,6.318781729490058,5.931686098834102,4.674504317004016,3.7029416624979756,4.287654095562613
2012Q3,0.14,4.55159006828583,7.378717823321802,5.478970866241294,16.60787378210472,16.218790670093053,14.959450515340484,13.997627927246711,14.56972931926316,4.537073341520434,5.752667872386011,6.3181325681982745,5.929049456186608,4.669709301434039,3.7078867133402653,4.279988105356716
2012Q4,0.16,4.570154220480472,7.357920292784128,5.506956231659364,16.614036179324376,16.228357405895792,14.957280670976827,14.074593290243536,14.580337264387701,4.542070629044774,5.754744880972998,6.317220669306602,5.931541895878019,4.660465160959054,3.7777777802257635,4.283521754369928
2013Q1,0.14,4.55081959123801,7.4732679318978095,5.513025439041145,16.627811999706207,16.238334690389056,14.954449998738324,14.253003908644216,14.592685418714286,4.546035703362567,5.756362274473978,6.325414021869661,5.935936712552509,4.652052020901778,3.9506059308076695,4.290287440877741
2013Q2,0.12,4.558571119609724,7.6138048643774905,5.5154428455366835,16.632635588113875,16.24170002083304,14.95690867157476,14.41158225148154,14.598785878358452,4.548187050903572,5.758059147674139,6.326389389536165,5.935453822255329,4.650662472997051,4.105336052903831,4.292539679780742
2013Q3,0.08,4.550777356157546,7.735280368770303,5.513831890697755,16.64600479683764,16.249856890285532,14.958200974192959,14.290808273771114,14.617852444271799,4.553076571429772,5.760150205618443,6.332778019789428,5.9366301132373165,4.644974197144744,3.9775814967228995,4.304625667223584
2013Q4,0.09,4.555044630580541,7.826689314249692,5.487697287709437,16.659955822469065,16.26230239619767,14.959897994012694,14.397604941417823,14.644298592170559,4.558351078010495,5.762277772246487,6.339326972212083,5.941673545940685,4.639269143755711,4.076976091160841,4.3236697419135774
2014Q1,0.07,4.567624069914121,7.885717801846715,5.546348633370026,16.660288421507364,16.27047341724559,14.959433950009046,14.399259080533296,14.663736558924299,4.562137416170671,5.764077630439957,6.334073374896734,5.944258370634962,4.633218903398419,4.073044033922668,4.337521512313672
2014Q2,0.09,4.556672978902542,7.923726264327504,5.563370320939456,16.678768480028864,16.284495375420693,14.964298082892487,14.404930887709016,14.693978543074632,4.567779796769532,5.765905581026787,6.345083102232546,5.950809997624376,4.630612705096167,4.071245509912697,4.360293165278313
2014Q3,0.09,4.559377524814416,7.955440171226152,5.514637692514121,16.69494651514687,16.297060747804178,14.976079600374801,14.392150326414058,14.717936820730763,4.5718822391219165,5.768067838752232,6.354996437272722,5.957110669930031,4.636129522500653,4.052200248539909,4.377986742856614
2014Q4,0.1,4.572595340055913,7.892492759912199,5.4450117456988405,16.700985847702096,16.307190963976822,14.975297278060124,14.391804770221075,14.728729777570454,4.57287424118727,5.7702285502543536,6.357883056260472,5.9640881725352,4.6321944866185,4.048701978779452,4.38562698612883
2015Q1,0.11,4.590442260583479,7.903094870980768,5.279134547131263,16.709405491072392,16.310347983958806,14.974877656052476,14.417773599335225,14.730669049095727,4.572326695058327,5.771964350708571,6.365114445305495,5.966056938191908,4.630586610285579,4.0734825535683274,4.386378003328829
2015Q2,0.12,4.592388851623358,7.908758046385273,5.291292751611072,16.721306307727907,16.322190114993745,14.989251036282447,14.44690307219793,14.736010419012443,4.578055893496519,5.773756198283712,6.369494215947675,5.970378023213514,4.637438944502216,4.0950909804177,4.3841983272322125
2015Q3,0.14,4.5946955176940705,7.907938161446772,5.23590990641942,16.727949588240072,16.331794258889598,14.995258495289812,14.435539584031638,14.74051481656063,4.580703297920023,5.7758798554965844,6.3713664348234635,5.975211105472989,4.6386753418732045,4.07895643061503,4.383931663144023
2015Q4,0.16,4.592702789982622,7.87829894119736,5.157329673247059,16.729769021138907,16.33508856582874,14.996667652215814,14.500254530259465,14.731968875795118,4.5806828023368205,5.777992822521732,6.3710933962803535,5.976412940970188,4.637992027357261,4.1415789054009124,4.373293250936566
